{
  "trained_at": "2026-03-15T10:43:31.986316Z",
  "dataset_rows": 5078345,
  "model_version": "v202603151043",
  "precision": 0.016225153530288163,
  "recall": 0.8628019323671497,
  "f1": 0.03185133665043782
}